1,0,0,0,1108.6219256243,326.617504802415,0,1507.32732748397,69.9020516328287,0,0,0,68.3412795803946,54.9294009714405,0
1,0,0,0,410.284105985978,0,0,903.443050419898,112.503323140969,0,0,0,71.4129631964696,0,0
1,0,0,0,194.189511658081,0,0,229.683821891207,71.9005429452889,0,0,0,60.2549004977224,0,0
1,0,0,0,548.659497009052,121.044823479379,0,771.954570610378,74.8558148481788,0,0,0,67.8161405577451,49.5323084329156,0
1,0,0,0,282.815665820857,62.7278172867908,0,405.589596785548,67.2706208510716,0,0,0,60.8350858910462,30.8777488393276,0
1,0,0,0,222.092645889991,0,0,542.207830958586,100.212690980113,0,0,0,61.0734393552215,0,0
1,0,0,0,284.507497822347,73.0423657791283,0,432.054852741216,70.8517706386407,0,0,0,61.0709423519589,25.8247605243571,0
1,0,0,0,511.40411724535,74.7160172484543,0,854.650141507848,83.9113568795491,0,0,0,66.7916791093088,26.0956134388498,0
1,0,0,0,278.112330552351,72.6794645326789,0,513.023933608639,76.0033055373904,0,0,0,61.1804376504673,29.4992494358138,0
1,0,0,0,305.987477184378,89.3954888322893,0,285.345063734946,51.756014147969,0,0,0,63.1005423456132,50.9924123266417,0
1,0,0,0,331.107424641318,72.160454206487,0,588.455478590225,80.9594793338281,0,0,0,73.2201911824656,42.0092143936108,0
1,0,0,0,261.94033704555,0,0,335.221563009063,58.6910403887342,0,0,0,53.6033869494206,0,0
1,0,0,0,533.347813580188,82.8767216414836,0,815.831794441792,78.7910091274439,0,0,0,72.3701369718137,40.7156419585137,0
1,0,0,0,714.922911874498,74.9550755651978,0,1206.61614769554,106.830166747653,0,0,0,86.5637556579025,55.9916727725379,0
1,0,0,0,411.895896086142,54.2647487446833,0,362.40536991465,68.7922600665282,0,0,0,75.9649123205156,29.5709303389406,0
1,0,0,0,296.169853453313,102.426273950629,0,890.780092539974,119.521495729515,0,0,0,75.7919044425905,51.9999380050557,0
1,0,0,0,251.605760274956,0,0,336.498485301025,81.8964549694622,0,0,0,65.5223355838565,0,0
1,0,0,0,253.475916971732,69.3135499833833,0,382.633561674786,74.6004963908065,0,0,0,68.1860258110584,27.4926270205142,0
1,0,0,0,217.111997483152,62.7580628505168,0,276.174772992277,77.0980910149308,0,0,0,60.0372523156909,58.2311843642941,0
1,0,0,0,202.684875148326,0,0,301.072167539436,64.8507546694705,0,0,0,59.785257769823,0,0
1,0,0,0,391.871629238016,91.4154078189024,0,655.92267911216,104.533018118958,0,0,0,89.9734906961556,46.6246752387068,0
1,0,0,0,506.620691528537,72.940464403014,0,768.089317746038,103.133054025829,0,0,0,86.4370163351226,47.9049897380069,0
1,0,0,0,540.169260071571,93.5544174830432,0,722.610933657647,84.9158398093417,0,0,0,82.4645144217551,66.3500122539674,0
1,0,0,0,283.226659228019,0,0,692.727524605453,100.887172280297,0,0,0,66.97525391161,0,0
1,0,0,0,545.158565124405,144.561328964561,0,794.014995932712,79.3018951489901,0,0,0,80.7538975101625,49.8067463622764,0
1,0,0,0,387.728863694195,62.3843890740344,0,663.169439416911,90.0104797451508,0,0,0,71.109297342,25.5160554233736,0
1,0,0,0,216.344908426717,44.8697934215253,0,201.568699941083,44.9640928847509,0,0,0,55.6007940009714,21.8041361680199,0
1,0,0,0,274.755375327296,0,0,435.028755168134,74.0081310419436,0,0,0,51.9822040223571,0,0
1,0,0,0,265.162020155296,70.8690388164261,0,445.216533069728,75.4612946450613,0,0,0,61.614591156286,29.746868312867,0
1,0,0,0,754.301519513351,135.897979148874,0,864.893943035413,76.4714141479503,0,0,0,77.7547053892488,63.2068462623279,0
1,0,0,0,191.6210505582,74.8072243667834,0,418.040332560916,77.479336977347,0,0,0,63.2028198193511,45.6259550376174,0
1,0,0,0,619.50007214452,188.37838314881,0,1009.95580795393,83.809276982644,0,0,0,78.4577238436205,59.4644412580003,0
1,0,0,0,231.906722845921,0,0,202.178844141101,43.0470417169355,0,0,0,80.1266552090201,0,0
1,0,0,0,1482.23063896673,323.357391987967,0,2287.85439361074,96.7675891049224,0,0,0,81.8331420911134,77.2133485091889,0
1,0,0,0,964.164214121898,244.340462310805,0,1833.71461834026,116.191635783951,0,0,0,86.6144208469568,72.0427443955259,0
1,0,0,0,552.273684450209,112.256191723169,0,657.656051192702,78.8663780088911,0,0,0,86.3019930109472,47.1360552323968,0
1,0,0,0,181.288674057643,0,0,359.562891680878,67.6849209561255,0,0,0,45.4243943908131,0,0
1,0,0,0,371.086026808647,109.560765268589,0,685.878554213066,90.0312177560833,0,0,0,80.1354584790813,45.206703797779,0
1,0,0,0,787.546443151253,143.362775242655,0,1084.2982949009,77.5964343353457,0,0,0,74.9417767234538,47.1700649647836,0
1,0,0,0,277.815838275282,54.9342903136006,0,275.37668100261,65.4677943117975,0,0,0,67.5667062895331,23.7306418387314,0
1,0,0,0,235.139703670298,76.1650923120148,0,628.178395416094,89.6121948942717,0,0,0,55.9075297583396,44.9476320266343,0
1,0,0,0,394.540463483586,127.639381522053,0,695.038257694528,92.9303886083171,0,0,0,75.8556684532962,60.0644438071293,0
1,0,0,0,552.796005793988,87.7658615310892,0,855.975241061601,93.5922501495956,0,0,0,74.2416857303203,53.0839812231462,0
1,0,0,0,402.709562034462,0,0,632.91374458373,80.1927895125959,0,0,0,71.829199675006,0,0
1,0,0,0,306.094707687107,41.3283218389106,0,523.581057178467,84.894353910982,0,0,0,58.4061418125921,28.3193927668688,0
1,0,0,0,610.906806860458,141.597118496834,0,773.628164466286,75.3323519892654,0,0,0,74.1354110107982,57.8770850258571,0
1,0,0,0,783.449858679496,160.359198259168,0,1212.16224378418,92.095725002625,0,0,0,72.6952718785469,66.9262252324028,0
1,0,0,0,211.446730988653,0,0,244.620014953838,72.7984278748853,0,0,0,65.3660380891624,0,0
1,0,0,0,251.050796815441,0,0,350.177557424585,79.5900916628903,0,0,0,64.176244575483,0,0
1,0,0,0,634.969633636613,119.760434559486,0,804.762091721114,74.7315416342079,0,0,0,77.3665937025796,52.3183185835668,0
2,0,2468.01853670691,418.681492399986,0,0,0,2711.1737301181,78.2993915781519,0,82.3215599099888,65.0679178929502,0,0,0
2,0,0,0,402.517193455908,0,0,1632.56943293742,102.348202576255,0,0,0,86.2972203347657,0,0
2,0,6641.9271218238,1802.64718330362,2445.67040197221,2676.2357611593,357.258836951067,14114.5672401137,89.0307509395224,0,83.5193722344787,76.7215934162039,70.8623341672967,75.5323935020794,61.0909483484349
2,0,1327.18025953331,239.819777816757,794.610897935194,0,0,2794.89119707289,81.5937127971627,0,87.5081465648121,52.5834770873027,62.600901013496,0,0
2,0,3867.28352044625,926.729615375467,2048.94773587226,0,0,7978.51908149039,99.9128286463683,0,79.9239991926875,76.0930123322841,73.5184640514436,0,0
2,0,1170.18675667696,474.929289635142,0,0,0,1695.46900325058,74.0749834447699,0,77.2146183016812,69.3703097763484,0,0,0
2,0,1865.4453659268,562.013185827086,0,0,0,3109.98977187361,92.8637550948932,0,85.9714471512489,86.2294506945845,0,0,0
2,0,2861.6563088693,953.8732468532,1331.75492994739,0,0,6545.78761298899,98.4555852591356,0,68.7223005119137,54.5569513056068,75.0694680374994,0,0
2,0,11549.8142338299,3704.20448070991,4264.23091661858,4571.23810470801,0,26839.1848405253,99.1354302180194,0,82.3213769385372,80.0038449826459,70.5690646010808,75.9118461766548,0
2,0,1524.36389096363,459.015078789356,688.824201698772,860.583786844913,123.416351586538,4119.60124531952,81.4938079579769,0,76.7306946094193,59.2358309805682,61.566688684245,55.6192859685139,55.9911238279527
2,0,8093.2711717281,2648.10128560909,3631.04928288691,3060.47339248906,0,16678.2573749414,94.3535002096076,0,86.0544291358356,85.0289930244957,72.4072375852946,72.4830216441648,0
2,0,2205.86995110202,759.93420502999,0,0,0,3172.44628946757,85.232149162348,0,82.1817277859285,75.9526333283018,0,0,0
2,0,2793.97110499601,932.934651819992,864.360897156081,984.477054958309,254.547226777401,5968.14469328797,83.3353380695702,0,78.3966984054798,78.6781320690287,76.1287350774549,66.9336895615288,64.2635852806154
2,0,8467.07725469413,2758.77889285294,4222.61594920222,2981.11838517095,0,18715.9124121765,95.5710906358671,0,83.3291519736868,80.5725185715105,83.468627785078,77.1499333048759,0
2,0,4400.72527109712,1319.86834801396,835.522449059896,1593.72798173762,0,7488.3166995371,94.9338725313597,0,84.2743127890563,83.6606215758406,89.1523119925489,107.328863422027,0
2,0,3701.01932173664,1357.26587719147,2332.60460585601,1935.09561011564,0,9051.82583639469,91.0736141995711,0,79.5707669982997,81.6838196676703,73.1670927414528,75.8926186425115,0
2,0,4728.49299839416,1339.61271086533,2276.20379695294,2183.03137533909,429.192091278387,10961.2994067452,88.0633267328173,0,75.646493272233,81.0786727716115,80.6250293455829,74.6874244538431,62.3792838766539
2,0,1412.10445892135,505.867161456657,1056.42995857415,746.719331954693,0,3853.64262335065,99.4101328035969,0,69.3093108935768,76.1914048750698,79.1475235663938,72.7437984927254,0
2,0,7404.22552828216,2903.66475790053,2350.36332786015,4308.26994160683,1140.83374759619,18971.5488685887,85.693230339937,0,81.5655766166675,79.5641275624051,74.7633973210961,69.821013618305,75.4176127869068
2,0,2918.68782332122,573.005474883951,1736.87537021829,1448.91692556723,336.46757186546,7014.62595497089,84.7491822460461,0,85.6930919151945,53.5407931155792,76.0975843433133,78.5178927541878,61.9293686286606
2,0,5640.49771500176,1460.72279365897,2973.96429053702,2126.62772729953,547.413755594687,12197.2132942957,86.341613651124,0,89.4842575108742,79.0294569237063,75.0724189097517,80.6937284104518,69.9186392535013
2,0,0,787.585402884475,1092.61933570234,0,0,6041.74028268232,99.9031207565411,0,0,71.3163091752468,62.9300900819213,0,0
2,0,1464.49000452588,470.15754534422,1539.15198784357,997.965045809696,159.503309563496,4548.41990494308,89.556460546117,0,74.8212593438324,62.7721781089525,73.4095402973807,73.0015704579008,48.305902610293
2,0,1153.02545516795,324.019143996885,0,0,0,1976.16439083007,88.7706092433122,0,78.0214696468838,53.7836801820018,0,0,0
2,0,1389.69549812404,330.981881328297,1028.57846625457,684.71981254116,0,3184.21681397586,89.0975011878778,0,84.2467621575265,64.4124674996546,68.4738950779765,68.8778986686171,0
2,0,7762.57401222374,2642.05439070518,2546.0505805091,2908.50656319177,719.124603358036,16786.75605464,84.548096783555,0,79.2370972207671,86.4906015172068,75.1540203467531,66.9850395758491,70.2476075182996
2,0,1604.90498827247,457.508264454127,1158.68993565189,908.829987532455,0,3570.89491342954,81.9643173774459,0,71.7213576575044,64.89703145541,72.0666741070997,80.8080742224586,0
2,0,13325.9295915798,4539.81380327411,7765.81566660422,6356.26741402658,1344.17529932451,33947.3056412984,88.2481604858372,0,90.2464488594098,85.4083371547821,79.2697124566149,73.2167323429027,67.4714172525579
2,0,696.416450708543,0,521.504925776804,0,0,1708.80736414578,80.7047130692441,0,77.0245771436574,0,84.9561975703848,0,0
2,0,1113.68213687096,414.888896524643,0,319.953023014453,113.954070075531,2446.26483426622,82.3450619102945,0,82.0300358915499,83.1353576915237,0,44.5505194042264,28.3757828345631
2,0,1884.16499523971,575.348849415042,0,0,0,3577.21472855837,104.738085621379,0,92.587365858073,79.5085415046898,0,0,0
2,0,2430.6815218123,902.040136933334,2013.27811319026,1015.42819262504,144.970757456466,6022.84589801997,90.7990619828335,0,79.6096055794499,90.7203237433342,70.5591598216494,74.5605951943921,106.027783089721
2,0,2027.99875325088,501.929289748155,0,0,0,2874.74972061462,87.8062897303152,0,81.6289968793396,73.892697882312,0,0,0
2,0,2352.539919378,795.318133160336,0,0,0,4406.41746212437,100.936547290584,0,90.1154076229064,100.34422926728,0,0,0
2,0,2454.74838449842,846.510451534284,1599.88430805563,1074.7643494568,128.885958408774,6216.33376906492,97.4173232210541,0,92.9437760117218,88.190161127471,79.5117879175386,81.3607429319412,51.953506975986
2,0,2816.62824718351,861.063446419876,1165.30274999954,0,0,5340.35791155271,99.5182103262262,0,90.6826387639856,76.957660640256,67.4527718814109,0,0
2,0,3594.41967149275,1027.33868068143,1816.29615028245,0,0,7018.75187799425,109.232069198316,0,82.5640348012468,92.4895511450051,74.1934383031998,0,0
2,0,1505.2326432662,407.157807934901,0,0,0,2771.78154754918,95.2447547282945,0,84.4874248046764,80.5859493225955,0,0,0
2,0,2744.46243392075,486.496547154314,1942.07338255494,1460.43021772246,0,5507.92088928606,86.1079219826229,0,95.9060214338329,66.5936607445919,73.3517311744711,67.2546618089598,0
2,0,1217.04918241297,258.497927164662,0,371.188400201075,0,2294.69955717821,80.3060190448223,0,85.4541603598304,61.5529154975469,0,47.5035971305998,0
2,0,2840.38561515782,909.6907458171,652.435322295455,0,0,4903.60538304108,87.4367798541222,0,74.1658689358081,71.4556055973937,83.483418558682,0,0
2,0,0,616.573752894167,1138.96768567324,781.884940196417,0,4023.948233977,92.6353382444789,0,0,73.8591031508368,63.2330299744004,71.4105548613398,0
2,0,3525.48662804744,888.293616962821,2240.08232059634,2229.15890234197,377.623556150242,8808.92626707934,89.3186773254552,0,77.5881794511815,75.8842761458612,88.9017637312063,85.0006636120098,74.5583705319072
2,0,2927.48630581714,835.878859774646,963.214336403648,1243.07333698797,251.478705455255,6837.62610266808,93.8865050250182,0,73.3509460738382,65.5428017653241,82.6197599441939,82.6857661641376,75.058146947685
2,0,2119.83597033254,374.643518919741,858.669960508115,660.904740927825,0,3872.13010357623,99.7362675028453,0,102.821093063629,67.8738173038832,82.5588381581317,75.9437895561235,0
2,0,0,735.536694555444,1280.22415530693,0,0,4760.36389427215,93.7924765884265,0,0,71.7238594922781,60.7417853967799,0,0
2,0,0,0,708.369127440859,0,0,1824.18127546311,87.862113875044,0,0,0,90.5401596760405,0,0
2,0,3772.81384330123,1356.64932943009,1471.78312740264,2055.67061627552,435.783892248495,9152.1119972425,84.9294590588473,0,79.3242113058741,71.312066673781,67.3951586852876,71.9865269069806,73.4555219543868
2,0,2225.40017233505,902.225853650736,1076.83220015869,915.131042649916,94.5849110439589,4652.27547079197,79.9603317667645,0,79.7368546888329,81.3563681578941,86.395932050006,81.6632497219291,46.7965644755912
2,0,2095.43650966767,680.142942215847,984.29212107206,1077.51170266347,0,4918.36642839244,95.2259903765135,0,82.1792345604644,70.2760961218324,68.5736117546207,82.4133690354569,0
3,1228.69671319011,0,0,3524.92029205466,1112.1337303383,130.374728206428,6698.22885812999,96.5608394974152,92.0701283237137,0,0,87.8231580076649,87.2223261075116,44.5809871271938
3,521.737479315089,0,0,1622.33623494433,452.08693342404,64.1299004360873,2608.92746152778,69.7523249365287,91.0012036367109,0,0,59.5437774412638,84.3727503800299,49.7487562440984
3,0,0,0,2148.86738958949,373.985692966163,0,2562.83637962023,70.246187778879,0,0,0,75.2857026610767,54.090048088847,0
3,655.763875718861,0,0,2898.08045984417,547.45230231551,41.2528111735377,4567.09514244065,84.1101127479885,79.0198519156389,0,0,70.7787959191777,62.3086866323501,36.5433936376022
3,748.11432350204,0,0,1086.01758870847,284.853927613707,0,1699.67538931807,72.4054929173584,113.670724458404,0,0,73.1837500419608,54.2567697736882,0
3,0,0,0,2347.86860739719,405.915559804842,45.7443764490652,2590.0044757096,72.5320688244735,0,0,0,79.985806500466,78.9734893576318,28.7482207282847
3,0,0,0,1732.63940343129,449.985538251885,0,2922.43147325703,86.8510015487653,0,0,0,74.1644678408572,71.9360924110434,0
3,0,0,0,672.216489483766,139.391542732221,0,1070.07769844949,82.2544143121479,0,0,0,70.6632899556035,52.7399458968702,0
3,0,0,0,1484.19085886245,426.85115000467,0,1982.98280237621,84.1913417346109,0,0,0,83.4220198163231,66.7887547494316,0
3,0,0,0,1901.01681362528,578.155070736753,0,2486.64198738715,77.5100535695643,0,0,0,82.2686898419668,82.5681242607274,0
3,0,0,0,3209.7193312217,1005.68397803388,48.9958748651418,4775.62366038341,78.9312278715777,0,0,0,71.5724599392563,70.8182997484654,30.6707085493504
3,0,0,0,551.059412372756,183.933439735309,0,624.799290738713,60.7916182890808,0,0,0,74.6728367822419,58.9638700922164,0
3,0,0,0,2302.50437483707,772.058347435806,116.146234569274,3190.84854896204,72.5113995418128,0,0,0,71.6049471549478,60.8417414732785,42.8822680621308
3,0,0,0,1554.35203372274,521.868646672415,71.0709892846628,2444.49687251217,77.8747796388741,0,0,0,67.5632877725154,70.6560310049493,25.6258470639813
3,1341.29563885743,0,0,7225.20713839051,1164.96325134579,248.011459870422,10775.7831488193,102.061139125518,116.772469673009,0,0,96.8940193524956,72.5717811522437,75.3620741252183
3,716.296501999056,0,0,2528.66244951166,616.743345039423,0,3549.10346306486,86.0109329583697,81.1884434685771,0,0,83.725426224007,93.5827130428064,0
3,0,0,0,2383.82439856425,525.15018747798,0,3204.26558110744,73.9561804861877,0,0,0,71.4234364390947,67.2111994120801,0
3,545.343506462224,0,0,1327.7552258075,284.847885404842,84.4191386797138,2330.59973758404,78.2603419415801,98.5297532992257,0,0,70.4617230533278,67.2026658016908,30.505065740767
3,0,0,0,708.831176140804,219.609184713066,0,1082.30483798492,70.8721727475447,0,0,0,64.0470496432792,49.5747563022737,0
3,0,0,0,1280.73860191096,444.630557544731,36.167727443288,1885.24351017766,70.3754848302836,0,0,0,66.4945181425539,57.8412450292284,44.5946404387874
3,0,0,0,684.10646038521,200.058160994182,0,1133.2668783055,70.7034971215319,0,0,0,62.5045780072642,57.3461306983928,0
3,0,0,0,2266.27491989551,593.836623393709,64.1821164563768,2639.28159029728,83.0469291801487,0,0,0,98.0077476966189,70.18314845976,48.9912335288091
3,0,0,0,4019.37587077979,1061.82607284666,134.604044549582,5821.12225915699,83.9736328756262,0,0,0,78.8979079595461,73.1539374375647,42.5428690708919
3,1129.61669597875,0,82.1827186330112,2613.32694332166,530.416080719471,62.4288747830677,4897.63237592981,85.7344924252777,75.4549856303355,0,53.7862606326833,70.7511453131699,62.053331308843,42.3756970196036
3,0,0,0,638.78814743238,247.844113474634,0,1132.18864705411,84.3461863796458,0,0,0,72.9104230516406,83.1307562727748,0
3,1451.75410770483,0,72.4100014955805,5174.44689805614,1383.45799474535,140.470418248071,8120.71755157065,82.1679132230709,109.570274925746,0,48.879535698954,71.6642546448204,77.3272848913141,43.8132022735443
3,0,0,0,1898.71254027667,400.393429805581,0,2679.53345103191,90.4141370521128,0,0,0,84.3534715127144,57.2946705116584,0
3,974.024326561062,0,0,4337.01744695743,1343.12150697884,105.667169975191,6830.39598909827,75.0671508632274,95.3747319859175,0,0,69.6614717067093,61.1927410617903,41.5622514795693
3,547.855062394648,0,0,0,0,0,1131.6158646397,78.9093749104331,95.8474802829624,0,0,0,0,0
3,0,0,0,1310.56660333443,205.548210858546,0,1445.51255875392,75.1886714915107,0,0,0,81.7582452239919,54.0573781967388,0
3,0,0,0,1132.06824255852,405.776209880991,20.8379185348705,1868.15149076535,80.8181654934664,0,0,0,71.5896635127903,70.3205489002721,10.783033087591
3,922.658693526538,0,99.7276551711465,3699.14114649895,995.786378162886,57.6241995175435,5819.11005694404,81.3262581019708,88.6307462903152,0,55.6175356417441,76.6798916528491,65.9025076893639,32.7627972082889
3,713.717887116046,0,0,2263.50697866141,475.995342581135,70.6133307340777,3431.28798092277,76.1862436246726,82.4498875100735,0,0,73.1334704831645,61.8845985233992,26.1672576107638
3,0,0,0,2256.64085786661,529.361427024616,0,2742.49477270036,63.6225612386695,0,0,0,68.5318931968796,50.7522960968715,0
3,1977.16697726046,0,74.8352252119812,10300.624871885,2775.32831715467,460.909815288132,14648.93833096,85.8160899973987,101.778377424451,0,62.7718577515889,83.8556948923481,85.3198284014062,76.6339082990308
3,626.368027116439,0,0,3284.13875875043,771.793290493859,0,4510.90787989392,90.5612250018617,71.852917160494,0,0,93.2146599648062,91.2935705205188,0
3,0,0,0,1124.36910838027,390.889307976658,43.8036023593244,1589.58934314893,78.1354972032752,0,0,0,77.0453680446632,84.2343293149529,25.6520178434897
3,0,0,0,1248.6501009039,271.690934191627,0,1937.69458463448,95.5150534571974,0,0,0,87.123350803627,58.340547674347,0
3,587.785407404073,0,0,5648.96375777959,1226.53040955549,86.504703443071,7769.31693996843,81.5713108714355,87.9577182984583,0,0,77.042930271221,71.1410263424302,71.0807405178528
3,579.800204465837,0,0,1188.5080916524,484.234318554881,0,2328.33697551016,81.6587088487895,91.8275013934141,0,0,60.7626973520651,78.7891989167247,0
3,0,0,0,1553.68771802705,173.706418684879,42.3542548351407,1847.92032419111,76.3893229704495,0,0,0,74.8337248738077,55.3469052888577,54.7834234106632
3,0,0,0,1423.75808967872,311.808240008246,44.3045902831887,2019.32593590428,77.6770387818151,0,0,0,73.4107847931676,70.2263853764292,49.5589697031434
3,0,0,0,1707.59097182933,396.027820921195,0,2291.53733797095,73.5747658357848,0,0,0,74.1698224827142,54.6371116590281,0
3,0,0,0,1352.16394594924,247.511210028639,0,1704.15730648813,73.574395499001,0,0,0,68.5738332638362,72.1817500027219,0
3,0,0,0,3481.58084416637,948.75747238291,29.3317748197585,5287.70544023889,89.7284439500077,0,0,0,82.6172472182457,79.6869042487358,45.0188312803029
3,0,0,0,801.214322991629,0,0,971.469192892351,99.3009045666999,0,0,0,106.622771546729,0,0
3,0,0,0,1790.52135476122,602.703793317984,39.3380290836766,3095.72129083586,90.7042427890571,0,0,0,85.6095267115298,68.0836807914185,25.0942655350097
3,316.748858220873,0,0,2404.20130129569,558.984790818694,0,3613.4210135385,75.7875020611474,72.8379694757256,0,0,63.4178567973017,60.2449319083554,0
3,491.377240503103,0,0,2390.39854026699,662.04306510948,39.9442895145264,3780.10723820759,72.1971765996495,89.0567396934668,0,0,64.6428254697177,54.8833454029726,39.9453802194108
3,1579.42512604803,0,0,7346.62634840987,1992.45046786076,217.051317682074,11243.9331876023,88.7904350801278,113.031355910594,0,0,86.8430555386576,70.2179567657156,64.8726018167155
4,17558.9842430492,0,1357.61841276562,8358.89396157864,2431.86100177629,1606.65950624768,29858.8758843384,88.6190894190333,99.5301716653692,0,83.0167950438173,73.8564124192165,73.4914015595847,75.6091680402897
4,1385.34569034262,0,64.3017809367788,595.799599359509,154.145071051057,0,2263.65299521879,91.2423610480665,87.5968593038531,0,50.0015380039846,75.5675600518606,58.570656506669,0
4,3454.57835501532,0,245.056617688866,1958.23942018913,472.846894342544,286.513780205787,6471.63562871554,87.936694880403,89.5949089621448,0,63.8691362878146,69.3423617552603,68.4983943818236,64.5811896833332
4,913.617470848727,0,0,0,0,0,1293.2865287158,89.1108589645371,91.6246649292751,0,0,0,0,0
4,1384.16229111203,0,96.7742376242096,1055.38155560529,172.683086199433,63.2286188473783,2760.69562335653,87.0995206905985,96.7772509449886,0,29.1779740471507,81.8362112623028,45.9150770141448,24.3124450681152
4,2082.76343583027,0,59.7684744960262,1326.58128853168,352.61531674642,244.035052729928,3839.26220259866,84.4362495453448,99.1406992894953,0,35.5641251238172,73.6067507899766,73.3176259563723,67.0926021383484
4,1345.25342691699,0,67.3830039363717,517.216205490247,0,76.0507124933267,2573.22950402834,115.043135413971,120.650229802904,0,41.6402278290139,75.488956001638,0,40.5762243932846
4,1377.76074262406,0,0,0,0,83.6961865925389,1879.66450759139,78.8065807783228,82.4212114315681,0,0,0,0,24.1376612466658
4,1099.50209013916,0,91.5581809414019,641.672793458589,270.678591599318,96.1575016587266,2187.75707482802,89.8911778237201,105.391516899912,0,48.6027530797703,72.4213209460563,64.5302155282021,44.2847303012698
4,1764.45749593422,0,63.0888218263131,1001.96432855143,180.553207275414,210.667923648831,3071.84561563855,92.4013285830354,103.251520052206,0,28.0270261961936,87.106579866147,49.5276948882635,52.6211273096736
4,3625.83207173126,0,146.378658858951,2364.22888242187,643.27161877815,133.156579694153,7010.21270350662,89.8125418609608,101.001539427122,0,65.5445485020548,81.2290959636651,63.8621944309861,47.8372590713421
4,1518.64899942086,0,100.646725872761,0,0,124.922481807628,2359.38904762563,85.1646595918194,90.0291736761376,0,30.127007490239,0,0,48.3065894880176
4,689.076359605852,0,0,517.05590465086,0,92.5625739860761,1177.15198716919,78.9377403470656,89.4370098388316,0,0,65.1570968990482,0,46.0258043722451
4,851.458554231198,0,0,0,0,0,1367.03533022763,94.5559444909641,94.9186116507256,0,0,0,0,0
4,2216.61262927858,0,98.4294600146838,874.911368742168,399.715506320772,127.321337099473,3645.70422087438,97.5872878607153,103.702884680237,0,56.2624358114791,68.8822724401494,61.1540965651242,57.2925368554188
4,4691.56448214975,0,333.475074313939,2588.98636246191,840.313971722488,458.805440543234,9254.9523100788,90.002466582186,99.0968020147309,0,68.1050787135938,70.7903225365761,80.813078713864,82.3392040603988
4,1749.72849063671,0,85.2129074005293,773.010218340422,207.857217279459,169.174095503905,3640.17944699814,105.728616572146,98.840402923258,0,72.5851367485769,84.6385478251241,54.2195709702168,51.5185039844397
4,1678.11267841139,0,0,603.863941565771,133.24035377099,110.727657647374,2710.00666306292,99.0095378875662,97.050222314968,0,0,95.7438657456031,42.6019191440637,55.7538081090814
4,9956.76770012807,0,657.942951982947,3674.36624850421,875.670839196409,363.788803395168,16536.4474455223,98.1094201287035,98.021728824921,0,89.8632085978688,78.8257669203377,67.6821314552699,54.2431476518945
4,1020.59249997198,0,0,0,0,0,1371.72643875052,99.3493021666979,100.657610990184,0,0,0,0,0
4,0,0,361.33194338001,5840.53284573955,1842.13378166826,532.362214015758,13055.0273647981,93.0248392858316,0,0,73.2619607395406,69.4148855749247,78.730249013864,63.5165058274644
4,1460.80449820201,0,67.1040759490835,552.936739036931,0,0,2070.16674014306,105.997010769342,120.127623579522,0,56.926400332441,93.3924908412228,0,0
4,1798.65636544409,0,123.089261594284,0,0,0,2224.45986047231,96.6758416542833,105.309777645506,0,51.8794979728074,0,0,0
4,3131.74908605822,0,180.724631779769,906.221184986449,257.978323450836,121.991091466175,4807.84274586413,95.932693918211,99.6509097720207,0,61.7856895982374,76.1652500062887,59.5876900325909,43.9337124320782
4,4252.55888621302,0,166.199474108777,1507.68465653402,0,0,5520.68780132686,98.1242363273453,97.3815796970126,0,50.0409678015972,91.1704899895339,0,0
4,2626.23002304742,0,129.506612072318,1057.22544684251,242.18595317881,131.960664970844,3869.60544542968,83.813872232097,97.0657890299085,0,59.432826301131,68.9544028089935,46.2897404240848,44.1778322900182
4,3649.8527096424,0,130.800858707304,1319.15916873781,605.860757023891,454.163196177794,5651.48746687675,83.926130813008,101.055671742638,0,59.0556120981249,62.4704858739132,84.8495340103479,73.4041128702851
4,1989.56749334148,0,103.456067329599,1633.59437801049,418.722865091378,93.9459737531069,3584.65806101051,78.8728609531289,91.7914253278427,0,43.0126464267309,69.3311845262916,66.2222308247836,38.1889214805541
4,0,0,0,810.497561196598,110.820572317606,0,1421.54910691264,95.9268030293766,0,0,0,77.2791618376662,44.6176093877761,0
4,972.290854709928,0,0,0,0,0,1766.07581017458,107.313144470954,92.7338096665215,0,0,0,0,0
4,3035.35422992849,0,276.828899695106,1651.23518737781,473.073997881893,0,5256.62552576868,92.5704704555998,98.7337814809785,0,63.0010618343677,65.7069269609315,60.9389012231442,0
4,1399.95261277903,0,0,0,0,0,2315.14399386594,113.441485550678,87.8647150912182,0,0,0,0,0
4,1343.4286100122,0,77.3050326690892,0,125.090216893368,0,1206.20638570125,79.8806664965289,117.954441522981,0,51.7283346830687,0,49.8197638352151,0
4,0,0,0,1064.77797293811,188.261121425851,0,1601.27650918705,70.9184688539058,0,0,0,79.2758881288399,50.6065231852276,0
4,1279.30332145436,0,0,757.651194160737,0,65.9645011612837,2431.54663756897,94.3576514995687,108.864876068376,0,0,81.3080619835582,0,25.4816489671314
4,574.526075430565,0,0,0,0,0,810.764157214941,79.3021358698861,84.2379561605969,0,0,0,0,0
4,2177.83374788603,0,117.426873078188,953.734489641281,166.543965244337,0,3667.15803365284,87.0088997185882,84.151868838283,0,51.6699934707212,77.1541663672193,57.5427802668964,0
4,1915.66454979175,0,97.4496991744915,1082.91192992618,161.068329383499,0,4438.24626523012,122.440072145949,104.057860090605,0,63.6612349772034,92.9747821097396,59.7868397311381,0
4,2168.26758179713,0,0,1587.92951329734,358.403408164375,234.422276451982,4713.41432306392,101.082660424159,99.7638491137753,0,0,84.1185169378898,68.0323248381584,70.3665827092521
4,1938.99047691437,0,0,1118.08553975928,351.82050765526,0,3407.20374540493,88.3123129753809,104.679280429753,0,0,64.7817355399656,56.3229968759493,0
4,1201.11679403984,0,0,368.332265169991,0,0,2356.50565200759,112.112146051175,101.90391711003,0,0,65.8740437838945,0,0
4,846.334566067359,0,0,0,0,0,1398.08170338713,101.042185167427,91.8426016107246,0,0,0,0,0
4,1305.13408797859,0,0,0,0,65.9713569389387,1992.82928075199,95.0576137099397,87.5958451161487,0,0,0,0,25.6416459940656
4,5018.4651477499,0,387.285306607646,2515.49811304466,720.116048968723,471.168258297352,9829.56060776115,90.9222378289303,87.3371967491879,0,53.5962966400526,80.2926095580556,69.6947237795769,55.4687221095584
4,1180.37678508453,0,49.6652109991521,693.522657392691,0,0,2112.67499882908,92.1109859375005,96.3064981305588,0,23.9084317467235,73.620200065139,0,0
4,5249.63010583762,0,206.40307051839,6177.2278247886,1424.04897783811,632.691631408697,12978.9662092057,83.274335696374,97.4026341240239,0,64.8528113138666,70.9985059166236,74.4905486368041,63.5980328404186
4,1417.11825032398,0,118.049467477261,1032.62045921577,222.649600412214,145.257050337115,3387.11310889622,94.2251714684244,85.9648409641962,0,65.6959783072023,70.8126061204071,56.305958248404,51.7830265021317
4,3288.88893679964,0,218.855385584974,2107.06902933126,437.172523112931,0,6412.91437018354,88.4475484845389,90.4543080593006,0,78.9761722731842,68.4616645392078,68.5353261711154,0
4,846.511039694927,0,0,700.595298314055,0,0,1986.74883585374,98.3266582990549,93.6905712796363,0,0,75.8801846989767,0,0
4,694.36930309594,0,0,0,0,0,1188.85713427555,92.4414108969988,79.6345746379974,0,0,0,0,0
5,0,251.731906682621,87.2986634995672,0,0,0,403.184437700787,76.3366849770513,0,92.2621153125596,46.5186534999799,0,0,0
5,0,493.013698886552,221.339089430232,0,0,0,1580.64278738494,114.180791557008,0,81.9731528404464,73.3666379406868,0,0,0
5,443.588070728671,249.890085300237,124.734148588165,0,0,0,711.568727151718,81.0965958002542,93.5751812710342,73.760793288006,55.5012444443447,0,0,0
5,650.180732625904,681.772155337554,395.670726789434,0,80.9827194526634,0,1709.98994601606,74.8100150958927,73.0355877304033,68.5802617330921,75.5042005312258,0,54.2840604341677,0
5,622.219177322014,608.28707542026,171.230945206051,0,0,0,1369.24692832586,86.9195238997481,97.4689323468887,82.8002126733456,49.9324410978354,0,0,0
5,0,309.686368075906,71.5473383054546,0,0,0,744.826313659059,90.8986303047348,0,73.9777462973855,46.0150607538825,0,0,0
5,479.068960509708,910.645007420634,244.707804418877,0,0,0,1885.46393367353,89.6729096608468,69.7497178429711,85.6711855219465,70.411745283876,0,0,0
5,1222.98488161312,774.891327431,224.79849569297,0,55.4153852526897,0,2511.58978900784,101.814280533815,111.315911608041,86.2414616751576,54.9791123812944,0,43.1237960842837,0
5,307.933517444885,221.556821900466,81.5001752273173,0,0,0,841.364049401123,101.263464357366,87.8026208605547,71.4365317638978,30.0244676381572,0,0,0
5,0,457.311259279091,138.206162195732,0,0,0,1338.07072118458,114.980063432288,0,81.2440661734724,53.4051140122451,0,0,0
5,222.610325040347,148.610554935988,28.4036136756683,0,0,0,722.011646244194,117.725399265936,85.8616608230397,55.2213368231596,45.4198191836359,0,0,0
5,0,159.023074258994,49.9691549550571,0,0,0,481.0076942082,88.4527546973724,0,66.6508435746178,23.4864064598619,0,0,0
5,0,0,42.8095637532894,0,0,0,455.844676963791,79.921365370552,0,0,45.5210378539829,0,0,0
5,0,293.097272589814,34.6657818710967,0,0,0,545.81210513981,102.636304441138,0,71.8493334945479,26.9784858559563,0,0,0
5,257.767602943313,515.584041618802,102.119656294005,0,0,0,1210.93411595872,114.017448054403,71.3830890748877,95.2666152966221,51.0861321424157,0,0,0
5,482.202970609921,601.259261094107,193.09672453823,0,0,0,1162.2960478767,73.9229377218061,106.671045438267,68.7953206924874,61.5592044302661,0,0,0
5,0,416.556964131656,167.417327489032,0,0,0,812.59566217817,83.3939631927155,0,70.7362069729653,55.8340913392311,0,0,0
5,0,583.557103768844,128.243856789786,0,88.677564460537,0,1131.18554390888,89.0958434295031,0,76.7135971776207,59.6235049992669,0,54.3565262143746,0
5,0,268.047284413477,0,0,0,0,835.032167020756,110.886638056059,0,69.2962595159323,0,0,0,0
5,1731.31206113403,1247.09619849915,510.81717664561,0,75.1963759408335,0,4155.95556627667,97.1189117522781,89.6244308857187,86.8978837396163,64.3427385160302,0,60.598191120136,0
5,262.441073259977,479.438356345994,223.657227523259,0,0,0,1291.08511441688,101.130748158358,59.8942311569413,99.969678333118,96.2748160031403,0,0,0
5,350.718009574625,0,0,0,0,0,1179.08996682886,120.244371263706,92.0167235336647,0,0,0,0,0
5,0,287.848868654479,0,0,0,0,1100.16189988957,113.820554235769,0,74.5623745837351,0,0,0,0
5,0,424.40153363596,90.3642286074758,0,0,0,646.281704970822,79.4748689053732,0,88.1969499400682,51.2404411342978,0,0,0
5,0,433.991964475071,91.9337813938875,0,57.1945323211886,0,754.619681771144,102.007758926972,0,80.6604725281619,49.7289835900575,0,29.7385244681697,0
5,386.91311930735,0,96.7355580433144,0,0,0,646.919209578794,86.4257832421589,90.3898635113953,0,55.5950496422399,0,0,0
5,680.118921628272,188.86491878744,165.327313296261,0,0,0,1550.44377983235,102.049660892004,100.952238706517,52.8919845371294,68.4807242239697,0,0,0
5,431.207254235118,0,83.8515058697062,0,0,0,523.646931519306,73.0253722783158,106.622003056663,0,30.1736017624013,0,0,0
5,390.05704485405,0,36.7123376671177,0,0,0,333.417884075614,58.9751090861049,89.1810580739923,0,29.8065531330715,0,0,0
5,0,546.633701196641,147.656970755494,0,0,0,1417.61437867932,109.13555586993,0,74.4789135429596,47.2465353916844,0,0,0
5,562.815729957689,467.601446325613,119.197464234214,0,0,0,1144.1779936482,94.0498009166907,106.699821454647,68.0324925115348,65.3840056282784,0,0,0
5,0,2311.1352868074,895.708907490762,0,0,0,4493.28069352176,85.3557733460241,0,72.3550103167921,70.1792711278117,0,0,0
5,717.559609241481,581.478308696091,113.821199750681,0,0,0,2373.72627436249,114.804220329433,80.68855008286,87.9195456607621,61.3181419459378,0,0,0
5,614.065165035722,351.912461375487,0,0,0,0,876.431405782897,97.7626098310052,142.051573781192,75.2700575841773,0,0,0,0
5,805.358210496081,567.658362544847,193.005901189483,0,49.6144676918615,35.9530623106354,1581.39081999774,75.4453928646305,90.6085187247416,61.7683130041554,56.0094170834495,0,22.0590367203574,24.0756255646903
5,0,0,84.7180336294686,0,0,0,346.962896946282,66.6202949200791,0,0,30.3832520836064,0,0,0
5,409.415077302455,0,0,0,0,0,601.354155417365,103.361176536777,71.7053528235031,0,0,0,0,0
5,647.859010818225,454.019139262649,169.613016650492,0,122.870034821092,0,1308.88151273635,83.4733613564919,88.9037075649033,81.7249055262119,47.3748830176193,0,32.2769855500489,0
5,174.470424876113,305.247257792006,0,0,0,0,602.287714227981,84.076496230156,63.3377764952673,87.0915557192026,0,0,0,0
5,0,873.328988331939,215.088000314753,0,0,0,1499.35486196968,98.4532243195788,0,91.6002101743241,69.4534769238439,0,0,0
5,1182.03623294939,1175.92612487975,482.820474442928,0,186.468632384426,0,3016.75262489528,92.164022927071,103.153426138865,82.4655651467068,82.3572858832444,0,64.081590408549,0
5,734.418382488542,342.668742146158,112.877728888707,0,0,0,1325.51347833915,102.337562797836,93.4703983518961,89.6759305468863,56.7151368452753,0,0,0
5,0,0,118.359010484587,0,0,0,543.168266943829,82.368524186485,0,0,50.9753655068753,0,0,0
5,0,952.663338730604,225.848534388899,0,64.5010210436458,0,1422.250202175,83.6330917750732,0,81.1260737811845,66.7445849292777,0,59.2001598246878,0
5,668.551333006262,611.607416898998,232.569642834418,0,114.31702116673,0,2131.53678315101,95.2150491791553,86.2996465467588,82.3352489163312,43.2814550352855,0,52.8852304113268,0
5,679.309585317011,1636.68315420508,495.710201151741,0,147.597870080132,0,3293.4170181204,96.0743450399428,96.6561248242768,89.0039299754877,64.2226459606192,0,69.4524069810066,0
5,1298.89665774844,550.671365474242,225.277568024331,0,0,0,2464.66648488221,108.589826704474,90.0929049483031,95.9408085994251,92.5922338855384,0,0,0
5,503.820144294441,290.568042980293,124.076973568424,0,0,0,889.040268608452,91.1586268314685,86.8527462393004,85.6540768434902,46.4820260141832,0,0,0
5,4163.15678364696,3069.1819217449,1269.33857415647,0,270.911948708448,29.6626440426065,8286.59718117248,118.586866392037,128.429163050857,115.096994554269,77.3703414797755,0,103.199000863766,18.4827748941708
5,302.643193608589,491.297179630395,187.313424132856,0,0,0,1249.79270394621,82.0661504340883,58.1485207562818,68.4074458935708,62.655225463366,0,0,0
6,843.867051873717,0,0,0,0,0,1084.11628093803,85.4291997797001,91.4940504124972,0,0,0,0,0
6,1810.56502083352,0,158.874577431103,0,0,0,2391.88047776155,103.003722422344,98.2566680348087,0,53.0081466455548,0,0,0
6,3766.15369459122,310.982064698182,395.071182084889,0,44.0036872789652,44.9375421691214,4670.23217711208,97.4058569709345,94.2286488331901,89.3803620439555,62.3634212748916,0,56.1738443454072,20.5581511585288
6,1465.13518735802,0,114.486077375996,0,0,0,1812.1163124114,97.6230543983838,99.2483624147104,0,79.4372736205135,0,0,0
6,1472.69108978497,0,115.971807452294,0,0,0,1759.2504954382,95.3729480238875,94.6074128799525,0,55.2828273894544,0,0,0
6,783.186069554666,0,0,0,0,0,860.256612303593,80.5606891917138,91.5395004169118,0,0,0,0,0
6,2066.32134889218,0,0,0,0,0,2495.38725408192,121.574643897843,115.932125370029,0,0,0,0,0
6,2455.38842428208,0,256.832343324284,0,0,0,3298.66185997846,105.858261068307,103.217356668617,0,63.5216298407596,0,0,0
6,1320.53758243845,0,180.821658104584,0,0,0,1580.12679155876,86.2933364723421,88.1144584648552,0,58.1477423081627,0,0,0
6,1456.13434415176,322.899739886497,269.515676579183,0,0,33.1555064335796,2907.54545323184,108.030893455429,78.9933521812283,109.111928147836,72.1604575433092,0,0,49.5733070700047
6,879.597289242161,195.257180905885,140.320687998949,0,0,0,1377.70473220111,84.4099882844194,85.0607001284957,64.4393991056506,46.5495961428801,0,0,0
6,2060.32742900518,0,153.358466065702,0,0,0,2252.81570855491,87.1489971301548,91.194992178271,0,66.66811318002,0,0,0
6,755.045083407535,0,0,0,0,0,966.147703067044,92.5651896423029,81.5291535021218,0,0,0,0,0
6,981.300104730831,0,248.426800553297,0,0,0,1511.22696795284,83.5689589709246,82.7253872859491,0,54.543652379709,0,0,0
6,1089.90207109806,0,0,0,0,0,1749.20751836216,113.791073023892,90.8310010841379,0,0,0,0,0
6,755.377225627274,0,0,0,0,0,1627.63118875643,109.775820131585,85.0561697826138,0,0,0,0,0
6,1441.71343134716,0,138.510882383687,0,0,0,2059.7405819306,97.3360010535707,95.8452328015214,0,43.1680917869365,0,0,0
6,1219.61677854662,0,0,0,0,0,1925.68665298838,115.164915975184,93.0100062250968,0,0,0,0,0
6,1755.58961547897,330.949575928358,218.473832219169,0,0,0,2218.08003577176,104.181717149597,108.225869921865,97.9369127230551,68.1723604909437,0,0,0
6,2874.54158167581,246.371666027804,348.672101064231,0,0,0,3693.86934481646,97.4442634438559,98.3810136733379,69.1487515779783,64.9770996573088,0,0,0
6,1025.66951005986,0,0,0,0,0,1170.56420379534,93.4973085082757,95.7421157004716,0,0,0,0,0
6,2595.9334625249,0,150.594114637401,0,0,0,2841.10965252488,88.7526190626516,89.8776724115501,0,51.1213032693805,0,0,0
6,1188.34181425214,0,132.030771801699,0,0,0,1676.92375085033,105.181556197256,97.0223319910288,0,64.4209978417184,0,0,0
6,3159.42213132932,0,296.050496333605,0,0,0,3283.58015408333,99.6105159141081,110.994802417219,0,69.1643295075574,0,0,0
6,824.404055204049,0,82.3080915848402,0,0,0,1070.23053687736,84.9419188969031,86.340575972907,0,24.0944480214977,0,0,0
6,1755.30989449494,198.081309399585,208.089691884929,0,0,0,2300.11466215134,99.8367319823721,104.716472225286,65.6790153228838,63.7818979227195,0,0,0
6,1646.50135477545,0,224.985128352221,0,0,0,1834.55883076496,97.0914011649357,99.7114060798003,0,83.6659562842794,0,0,0
6,1225.06166473027,0,0,0,0,0,1492.70848663935,109.648080990087,109.434038761306,0,0,0,0,0
6,1245.4453459003,0,228.608390293056,0,0,0,1699.28879895377,82.5821695936041,82.3372939507166,0,61.0648323465043,0,0,0
6,1961.08424976603,0,124.054218864495,0,0,0,2120.97193682459,102.401678749951,106.454227845767,0,52.1891143364874,0,0,0
6,3324.23158348872,326.690781047428,429.139605580038,0,48.5527033532034,0,4442.47278841975,96.8579535683897,94.4246515580775,90.857628695287,65.9154662549062,0,22.5083076200091,0
6,5963.61492539197,355.751673154465,763.430231401768,0,0,0,7449.54994566673,105.143393946761,103.589518770432,70.6847610002479,84.1082594680311,0,0,0
6,1504.28479360495,0,0,0,0,0,1745.11842064294,89.983006035608,91.910365828427,0,0,0,0,0
6,2540.1079444422,382.647327802384,353.862891558054,0,0,28.3012498330491,3307.88312825244,101.411491786074,101.987572925057,92.6766078781711,92.659955348546,0,0,25.2503596184698
6,3604.26754859929,476.568036845569,464.050666984758,0,41.2794386410359,23.8134472519209,5118.62911093831,90.4359215723785,87.4725070110113,69.0370487221265,64.8763521981676,0,24.8599070514122,25.9341796528139
6,1102.67473723519,0,0,0,0,0,1422.32651699702,105.771832848029,93.387529172285,0,0,0,0,0
6,2978.84911796292,0,181.728489574328,0,0,0,3588.94994833795,93.7780972287616,91.658388356438,0,57.8174791861693,0,0,0
6,1072.12692775413,0,0,0,0,0,1257.97613716349,97.0445999919124,95.3300553531111,0,0,0,0,0
6,1111.12110946921,0,0,0,0,0,981.48779220448,100.186503272617,112.584549546282,0,0,0,0,0
6,2588.99074107091,0,176.310821867675,0,0,0,2709.35534207747,97.8246648129115,106.356849695093,0,52.6028426500484,0,0,0
6,3607.54858046198,0,238.426494129076,0,0,0,3953.65994243044,104.439880146138,104.24456947375,0,68.5673764573106,0,0,0
6,2796.71557725659,0,359.406612885869,0,0,0,3434.97973435165,93.565952536523,95.2309972712047,0,69.9915350909064,0,0,0
6,827.284644813846,0,0,0,0,0,1193.91068646877,106.891130479893,101.182016255637,0,0,0,0,0
6,1025.00227631598,336.782425912566,139.816233320506,0,0,0,1931.45271280231,103.089335006991,98.6838455823638,83.5645868440656,28.1556923741674,0,0,0
6,1655.81749668246,335.711583549161,507.286178582357,0,0,0,2413.96133881287,94.1083109652295,105.015887201154,72.9847660942592,78.4098151885775,0,0,0
6,988.731046445413,0,0,0,0,0,1359.54437506702,102.249242094621,96.478730646103,0,0,0,0,0
6,1010.49036558857,0,0,0,0,0,1386.31285207394,106.968237190972,93.278692746714,0,0,0,0,0
6,2067.73233006504,0,257.792397813641,0,0,0,2950.01956171914,110.22751708809,99.3457433760931,0,57.9835341896105,0,0,0
6,1808.94606993711,0,0,0,0,0,2186.51563675674,114.326822295874,115.486206488451,0,0,0,0,0
6,669.137713246553,0,98.2897271609783,0,0,0,963.929416645319,81.0444624291806,87.05646581428,0,53.6163168479608,0,0,0
7,345.787836473855,584.414776970003,348.83973089742,0,102.813839585248,0,1374.97885734563,73.0554259909034,86.1720297867437,64.3655727854898,54.4980895308498,0,38.4584301723694,0
7,2024.79071386339,10762.4676394469,5170.34492444537,0,1582.42059115808,813.967215791268,20335.9714270169,89.0833229531873,101.500766616034,88.4696856650091,93.1316461513084,0,70.7369603057143,68.7088303329276
7,0,1891.5196769924,786.084156500511,0,219.510413359413,78.4452435421139,3825.70042076215,107.201515944791,0,88.5042540713006,100.312054819245,0,65.7577883727141,78.0942796601815
7,444.025152164761,2831.12963392089,1267.76272741876,0,455.730232788347,111.465213563763,5192.65692645093,87.0560090149995,87.8817049522682,88.4442103585808,78.1257664591309,0,73.0080434110034,32.9676347531125
7,745.960079979062,4304.06987603301,1928.53501504371,0,577.039715933313,110.315393125743,7481.15448447557,89.9519845725285,99.6268193950269,90.5169939893442,90.5527903854271,0,72.5606239409588,31.2088372637797
7,0,0,273.89731308646,0,0,0,1322.55636575968,99.5605182745943,0,0,77.0205039029587,0,0,0
7,0,2751.88801111714,998.943239595881,0,434.53814587192,102.564285424988,4552.63753815281,83.9748736957872,0,83.30682170412,73.81350212798,0,61.9856895317195,48.0316421159062
7,754.047620070603,3544.19052116064,1658.74272166206,0,478.234898362606,195.217173032882,6739.84750718011,83.5424036379707,115.763132285746,80.1922486750163,76.4436503009872,0,66.8543245516905,55.306856969804
7,0,1019.12142900049,369.01749524939,0,0,56.3467154105798,1695.83131566485,80.0635413239464,0,82.8192215689388,68.962222893788,0,0,32.5311826191083
7,360.495375893513,3337.24259855831,1000.47949288316,0,366.435902091277,83.8521692914553,5224.29082819422,85.9927952737715,67.865866068861,89.4081008498251,78.3327980524586,0,66.4007335650212,52.2271369496761
7,0,609.879355011953,0,0,105.474294290829,0,1287.57583837882,92.2328939168423,0,81.083020659409,0,0,26.295265718343,0
7,0,3135.53504793252,991.144509718693,0,662.21137600782,133.978336839656,5439.99127630665,90.1798098466993,0,87.2591524351222,85.0343312517732,0,69.0098122979314,35.5303434189343
7,0,3873.7942251252,1532.79097418494,0,1101.07889140549,250.182773065399,7364.09445740813,80.5581582627161,0,78.1756031043589,69.7038571760027,0,72.9147507445985,75.4020033317324
7,0,2610.43572794449,1114.86429244613,0,312.094687157195,46.1262680284536,4620.61797652657,86.0528102522568,0,81.3804415863642,82.9382956402658,0,56.797193013913,42.9428443217245
7,0,2032.4803338055,778.47479945869,0,319.820575652716,74.872021199289,3395.00178769043,79.3831706770432,0,84.711645879999,65.6725012472183,0,64.826905589669,45.6074275959039
7,0,2315.70303023477,543.256016028091,0,378.701877953852,69.0681002606725,3953.75606114384,85.9134468578965,0,85.3808892629943,74.2009894836428,0,63.0390369361312,22.2370931754628
7,0,9082.02770640821,2997.15240311413,0,1213.02373978699,394.438599575092,14598.4625555022,84.1874363363388,0,83.8683443092163,82.7295061936707,0,68.4082967365646,58.2259162829028
7,0,0,434.711047316712,0,0,0,1393.94444776809,87.7561149881952,0,0,65.227720206987,0,0,0
7,503.148742271363,2912.23714345625,723.332239586255,0,0,0,5013.76457554139,108.657506526688,58.3267945504334,106.773245284239,93.0334375179001,0,0,0
7,0,1174.33908913053,286.509349238017,0,147.838716073091,0,1787.49446410117,92.0540813260655,0,90.5837694083288,76.3177578785326,0,40.6850761116862,0
7,0,949.530450859488,311.800463143403,0,112.415262713586,0,1503.88201243693,71.9467089495068,0,70.5658833649358,61.2792690795631,0,37.7531143234407,0
7,556.92067124835,1981.59636046202,761.499300115125,0,308.145573066514,130.585299517135,3779.73686781826,84.1017540324828,124.788551811511,83.5811094772241,68.1772015764589,0,67.2831600917609,43.8379148080658
7,0,0,150.454239742056,0,0,30.4496216901654,1814.44048334807,117.45877760362,0,0,59.9129203471337,0,0,22.8518016137719
7,671.028289743404,3998.61192831797,2097.19911341911,0,739.946523094754,207.566681058401,8283.49296256768,95.979592218981,137.246191875665,89.989137219162,89.6762621728289,0,72.1218740340532,51.1291684456246
7,574.832895274356,3483.53388382513,1351.02684481312,0,360.396786867805,211.622408805264,6692.61045746953,97.0846800305614,85.7621823488412,91.017938818435,84.7203333097694,0,69.5727086330559,47.4840943796317
7,396.968907824201,2814.730531985,1133.44293253962,0,469.569594291839,0,5307.03139634418,99.7339220038913,86.8083351772115,91.3715910635094,99.5425511743227,0,85.8518871992269,0
7,0,1543.62517968145,480.134731654754,0,0,0,2452.21818383194,96.6631619249699,0,103.593566876669,80.9824398505505,0,0,0
7,549.904311668169,2415.54421201346,1020.8293027242,0,353.286174289911,53.1845739666103,4283.31836433021,92.9725188619686,91.2634350560137,93.6100468212002,103.730090668062,0,92.7251001840863,46.1918733596008
7,0,924.432499655831,0,0,94.6679671630122,0,1380.09437462219,94.1620484090057,0,98.6075825776525,0,0,40.2134429642091,0
7,853.073900848015,2147.18225792116,890.93040406997,0,408.718644683001,107.794399787872,4101.3521582353,81.4751820367485,108.963197527025,82.1746951731011,70.2737211936159,0,70.5497367698152,45.0631002150886
7,1078.45955196903,4758.57284854981,2257.88256893455,0,731.922268818051,304.390687494936,8433.99546751095,84.8122292149583,102.426108452003,91.5316301003561,85.0267913669873,0,79.2566677866371,51.9446213191818
7,221.807192065719,2518.80570453781,896.190489820122,0,294.411077406837,130.68963465691,4492.01563436727,87.8693853428779,67.2833330062627,87.2950131390547,79.6730512260438,0,55.2466680867121,50.6600313095345
7,0,648.157589580615,324.04386800653,0,0,0,1467.26865916768,84.6437232278937,0,69.3148049569317,58.6211087795589,0,0,0
7,0,1398.24017805814,587.594996916088,0,217.693645507238,67.395081213975,2469.06319932962,76.7728156850913,0,80.2673951985781,67.4107375313893,0,48.8470539025496,29.2638322111052
7,0,2265.13552879584,871.782867739269,0,282.171642173062,109.227302090671,4214.69117979376,88.752023349007,0,83.5343704710052,73.6567518325291,0,55.5175739037368,27.8652527297035
7,0,2285.30150458963,439.101106372437,0,66.6953219828054,40.6122306651715,2979.87535843837,82.674313813839,0,78.1978314796756,82.6121375048243,0,51.3146989615739,17.8692470167931
7,0,951.807474522433,332.184470970241,0,0,0,1505.54627018784,86.3135814047483,0,91.0809472954538,72.6136479444481,0,0,0
7,0,1491.5387818379,390.716394571497,0,135.979873539841,49.4327141939319,2487.61443819921,92.832518372716,0,97.169541806521,56.2148330890449,0,73.1525716696502,24.5022280605808
7,531.247255911998,2884.12360544702,768.420345389166,0,142.924906447764,0,4210.42508160124,102.234329330981,80.2885019193552,100.498421502725,112.960566785875,0,56.7971359529519,0
7,0,0,0,0,113.842908154377,0,1512.03510251068,102.883567208132,0,0,0,0,63.7578879733867,0
7,663.818449731592,3126.81089386286,1069.32878818796,0,393.950639284937,84.090079017328,5526.06431400642,82.0375089350366,107.283468343643,75.3793248650017,76.9564428106573,0,67.625005018436,49.0275517824372
7,470.902339042926,2290.68710395718,806.208294767387,0,271.062435249225,90.4901950556946,4105.32322285498,84.217793106328,79.2390464914524,90.5398957216039,70.3358559452786,0,60.7917183957485,48.5202002428368
7,0,735.114683156288,0,0,0,0,1468.99780317491,93.3073425112256,0,79.6637292256969,0,0,0,0
7,0,619.285423822969,0,0,0,0,1425.5432324315,105.216371659724,0,91.4434361228962,0,0,0,0
7,0,594.833186848956,0,0,97.6762857012742,0,1170.79804974464,101.000495923437,0,80.4253751396051,0,0,52.7052765284457,0
7,0,4746.64000241215,1712.28388083792,0,748.723932938541,218.922264256383,8168.14800228452,85.6798999944453,0,82.0126322320163,77.2112557691823,0,71.9757688546315,54.2104051911428
7,0,876.683881296865,332.863088749706,0,147.509806413218,57.8198545954516,1581.27979404705,87.536905795416,0,84.2495708027369,70.8858748106517,0,50.3759388373623,49.5668758919199
7,0,2807.29767449058,941.452051200247,0,274.384603761055,124.589804813974,4623.9941469459,93.6269316519956,0,93.4237659446526,79.8116052076387,0,63.1538860211573,41.1556088429712
7,0,865.537686010608,311.453949269808,0,137.146329854232,49.542562417049,1427.04768303313,81.0033936961789,0,80.4072866096811,82.8929427773917,0,62.3293485510834,25.7792087375207
7,569.86783402914,6814.04065168343,2953.05511609932,0,884.698246627719,447.171910869697,12008.9152572567,91.4970474623626,79.6030607170443,93.2014478957512,87.1548118547292,0,73.2390312080396,63.262349469004
8,548.453841923917,540.393925320673,441.807806607897,0,0,0,2015.4145460011,96.5474579010208,91.3228330052971,70.2885770985448,84.9259850543773,0,0,0
8,1292.2180411202,767.267268855211,491.18851751222,0,90.0650298817508,0,2131.86709350561,88.5199251643241,127.519697646227,81.2461260821941,76.3945393215334,0,42.1954205662165,0
8,0,578.430799488274,303.105581815909,0,0,0,1233.61606211147,80.3063352005194,0,71.4983402597633,63.8600888070423,0,0,0
8,906.051574028394,512.903387743612,297.355039156185,0,79.0416970992855,55.4028301948092,2014.66100967579,92.1063040121381,99.8167827170342,82.3322428352239,60.3105976161373,0,29.9247766222615,27.9647250429616
8,417.637335162437,1080.23509213873,159.062475139638,0,0,41.3276165151172,2150.21867413327,89.7115633104289,89.2827700072251,80.1358652769691,59.7434284152093,0,0,28.6750212464532
8,321.788727004089,0,137.581882327013,0,0,0,734.904986199452,69.8618669718255,68.3477021158241,0,43.4206488934119,0,0,0
8,479.987962838005,377.219674134608,262.985263809126,0,0,0,1409.96479004249,104.578516752434,87.1607745990826,84.692153441187,61.1987885325841,0,0,0
8,0,0,134.005432127936,0,64.1994887832628,0,1176.50225529348,111.402239733282,0,0,50.9457903826133,0,23.0889835108441,0
8,380.760793141825,0,95.5945706399729,0,0,0,900.543540902492,105.606506391367,93.9157751437053,0,48.6711570723333,0,0,0
8,2621.43428598464,1482.84349052194,1082.269167375,0,194.458774934889,129.061123196308,5249.02238876908,93.9904085944351,107.491870537513,88.9654646739848,74.9786125680201,0,72.8824126202665,61.0777259615598
8,576.435199969627,407.64268836009,301.743555243504,0,0,0,1790.08550745876,110.342242336973,103.092468246605,78.8693238087822,79.2042473448012,0,0,0
8,608.835141466257,932.088915020627,494.542103282733,0,0,57.9743530964345,2809.76501865128,107.258357075631,89.5541628178702,91.0794549796938,72.3790096830907,0,0,42.5102730245682
8,1815.43481768996,1014.91112682658,793.301816041751,0,111.241336838406,39.1427164658409,4034.74097685552,92.3789399974301,91.1205587282922,76.4618726341397,90.388728089439,0,46.1667756191571,41.9092542043798
8,713.154362521298,533.183442238142,267.301370445017,0,0,0,1792.80146060161,103.787295036205,102.430417492239,85.6421432249411,70.7962450873181,0,0,0
8,684.238126541405,0,0,0,0,0,743.485607187503,88.7549002961498,95.2553469985493,0,0,0,0,0
8,0,834.539950944548,243.429570176887,0,57.98031969134,0,1528.36020873535,85.1119739299664,0,70.8147370441741,69.1393633450986,0,25.714562566044,0
8,1422.99620948576,1052.85008026098,855.132484620857,0,103.148074412476,90.3943351263829,3728.41517022122,94.8508144541661,91.5826505513876,78.1483340308837,82.466172735795,0,47.6654584754279,23.3230209576197
8,929.69306628805,459.556332121588,367.242462597895,0,0,59.0267044276069,2134.15795134995,97.3897478158741,104.486780898521,76.6735314634327,62.0304512794531,0,0,42.075197279438
8,734.613623241704,461.354580602028,185.206624576929,0,56.4719209028114,0,2036.80052645866,112.856054045604,117.498099593969,67.0415612737453,63.8952845842935,0,27.6712554965767,0
8,951.870568243792,1021.80123885515,710.803643466303,0,186.103671316491,101.503813384496,2565.05913322323,76.9212051266358,94.7984359024622,69.4918952845423,69.8088646178128,0,57.6794079698709,53.9579477554066
8,573.601073515323,815.614458014913,269.125729803537,0,142.369246677381,48.8633004942069,2313.9499500813,91.6149906601181,68.3223320790192,82.7028691212234,53.8534235366593,0,53.0140318104856,28.8926897175077
8,869.601889193028,1009.42906542948,552.323658587052,0,155.690135505399,48.104802178652,3909.67198940175,106.546269299526,82.9802213785106,68.1426071925916,67.9769848739234,0,67.718896910751,44.7906520929346
8,823.817418271478,671.255793444556,715.161195210043,0,0,54.5358715317201,2598.13885810369,90.1998046362623,96.7984837432399,81.7429092863503,73.1146313628042,0,0,39.2103074727006
8,634.340673322574,0,190.783172709101,0,0,0,1408.08214041197,100.641037675648,91.2939028688821,0,58.4237227779879,0,0,0
8,0,625.203496663752,0,0,0,0,1136.64259819413,88.8237585883771,0,79.0848820790643,0,0,0,0
8,2937.54040624946,1518.54118749464,1930.23504097942,0,159.382466385486,244.481373026915,7557.40765062461,98.5395779369097,104.142271544662,81.2289216250985,81.0589921403889,0,44.4400531641418,66.187141524794
8,1110.71746849085,1272.27137796874,674.176802177193,0,0,45.98726258986,3262.15568647102,92.740369919326,107.975885152037,81.0080798803486,69.198267046306,0,0,24.636772296425
8,1150.84846013901,1365.26694112209,642.158956181676,0,222.164766730419,56.7264631078935,3658.22467046194,90.135649626804,113.430045957896,73.8844976100693,67.546895482116,0,67.8600065662002,60.2471838826088
8,0,463.658675408337,0,0,0,48.0979259432875,1203.22332691925,88.7969947153715,0,72.4102076132053,0,0,0,25.4446550088592
8,743.50420998882,714.533375502101,287.248213645673,0,0,53.8952959559368,1963.28688850346,95.7196028397089,101.903305813223,91.9648980106694,68.5447401923234,0,0,25.0928334257036
8,1370.45050045384,537.249933200416,479.394666860289,0,0,0,2066.8213243544,85.560730558954,92.6527395259925,92.9107455896123,71.2238068795759,0,0,0
8,2945.83741534981,2004.02990417211,1525.5792295765,0,325.599188517803,90.1529293805832,6840.4228402442,88.173386266851,101.381769418442,78.9020009797723,78.0709024438933,0,58.6448309254529,38.3613983955811
8,363.28995421887,0,152.998982420399,0,0,0,707.168948107466,85.2984667070343,95.8334932283022,0,48.1460981975772,0,0,0
8,729.391748856454,336.518623966473,202.422266747563,0,0,0,1361.90733841025,91.6784557851141,102.091553455057,77.6267970932121,54.2181994373017,0,0,0
8,548.552605860537,370.243925603506,199.742614073782,0,0,29.2995074030468,1435.02706275641,97.9390700053227,113.051289205813,61.5865697810457,67.2531737297432,0,0,10.3528470261424
8,1145.43202868593,875.945073166691,677.64783902723,0,0,0,2715.38185388673,88.0094353884577,96.3615792990007,83.3439421243194,75.7313295134641,0,0,0
8,1008.18892207929,913.757014360199,766.290947754294,0,138.575688303572,142.652668394255,3573.08303605215,99.2254227355829,97.8554804536089,80.5071776637128,69.8880322314033,0,48.1378127748902,51.5262279669322
8,2499.69155360136,2099.94470489928,1612.63845345481,0,193.153955317175,191.899587156901,6765.11560234417,86.9991742681473,91.4918874104963,81.2471623341676,78.2867344858781,0,57.3227547379755,50.1040114126871
8,904.239984950765,806.268948326796,604.205847239878,0,98.3432444340686,42.1439629862916,2317.23206268899,80.2297073280434,92.2581990924657,73.6295646498478,71.9971042474895,0,53.4877709382784,18.2515727025112
8,997.637938007438,951.081810159879,803.448398883555,0,106.988433169447,82.7440139924,3379.51626530751,98.0073085154989,92.5793958338828,93.9499249685382,75.4034348323594,0,28.3872818368743,55.2629987168675
8,736.102828804885,424.65619323054,357.801935355179,0,0,23.4663229959381,2011.92330083052,91.2363698648723,83.4957435734746,76.4378090887094,54.6482822853604,0,0,26.2916710546276
8,2518.41679202562,2523.27787716782,1572.32436179853,0,256.156936730852,205.430156007451,7372.73477223996,91.1409804786908,98.3529930171231,86.3610576228332,76.6343506381279,0,52.5430340288508,57.184560808102
8,493.694286591099,1426.40905319589,540.091891622446,0,230.111348813404,54.1534765861573,2680.26047846586,77.4975022251641,106.169803959368,75.4345754916716,64.6118583328901,0,55.0263146211843,39.4054418985508
8,2695.18897016395,1790.74649149898,1257.4781900152,0,289.561431579795,123.707780494891,6481.41099762435,94.9432126639659,98.163472007083,78.7282982530475,86.4604548493576,0,55.4631771020483,50.2220296810333
8,2857.37907591203,1793.77674183195,2059.80752231599,0,293.188767518573,96.5493230591902,6071.91460607837,100.415640349307,118.872425750025,96.5203964900121,100.735404015676,0,86.998520687759,56.2175378887437
8,1564.80532262398,896.762061684496,532.403721120494,0,75.4483724305314,102.145935179293,3684.34737138801,89.7204045993407,88.3816837539268,74.9845505559397,68.9815934099599,0,41.0121139121692,43.0010605928665
8,2397.00983358966,2839.1521474602,1797.35801454399,0,328.537624412829,184.34918226284,7953.56263561522,85.1808028190264,91.4837668187396,80.2597147020015,70.7124493346289,0,74.7117890042712,41.5400053848247
8,858.05078403473,584.306802468644,394.108290098817,0,0,58.2801451648511,1905.25110869344,89.2913137015633,125.415380303527,69.1532623084619,65.2482814174538,0,0,28.7617894767811
8,3444.12660140739,2438.743612418,1420.39433199498,0,213.77644885689,169.655109022503,8574.28688713981,92.500802240533,91.5291002215826,82.2058192904572,79.8748266700535,0,58.8825383670676,50.1849688465819
8,658.917079927808,460.699363458761,219.930685202238,0,0,41.6797650394101,1495.79779029816,95.2354389357466,88.1821378516089,85.8867407695574,81.6250466532535,0,0,24.1822128311373
9,0,1268.09692273072,270.766087042492,0,0,0,1487.79303027186,77.6679409686643,0,85.8293597644279,75.3865117256104,0,0,0
9,0,3208.10398595822,1291.19967408589,0,620.800636587346,147.793957239599,5389.81469568878,75.7932520126301,0,76.6721633705396,78.0576907695158,0,66.9471752436496,57.235002973721
9,939.226374067186,7064.79506190254,2421.66871571038,299.509899879384,791.883384943602,0,11968.7371478106,90.4409507295763,90.8081060380964,86.8601537632889,87.4460658211462,75.9212083847612,76.9901497395024,0
9,0,1442.30897723855,494.015541133893,0,0,0,2783.40843490203,104.633390479082,0,92.7544354976974,66.6309770031164,0,0,0
9,243.893075579816,1770.6288664346,681.251744836921,0,280.199561296387,0,3127.27860525773,81.0949939736281,70.5455140591073,83.7950191431568,69.5642823491316,0,53.7754239427273,0
9,711.826110170564,3091.77810922438,1450.17498004473,0,459.400533975963,130.99220024356,6238.08193910792,88.5978688430863,110.547758677894,88.1696732456684,83.4690410639362,0,60.0618483208869,43.3716123357753
9,341.962953664248,4958.19874585401,2126.5713517827,0,618.180541398368,233.068155096894,8391.28592094917,82.6973034339304,66.9711450607448,84.0657612304595,84.7234383602192,0,62.6794269639104,57.5665436671887
9,0,6451.80042178339,2234.98554021959,291.259710249075,0,0,11187.7832162445,95.180772072579,0,88.9198965830376,76.8997489506021,52.9696253247402,0,0
9,0,1559.08127632273,419.749538170349,0,0,0,1948.67241482537,96.6561365203295,0,101.77930614445,77.5407663349284,0,0,0
9,959.444743761369,8287.78029709483,3115.10889668415,0,1416.69144664243,468.954991595777,14641.0633790925,85.7306513673705,96.6550473833985,83.7017888844486,81.3477083134141,0,81.4648964340955,75.4197082119143
9,562.466740278148,5989.45497135542,2024.18079809078,227.536918029002,983.362598255128,0,10711.8693890389,90.7574272770901,91.0246432968531,80.1601327013077,79.1291259915851,91.6484126412532,73.5116845592821,0
9,0,1482.79904665075,414.870070545006,0,0,0,2550.76955629321,119.200664801942,0,120.766010029911,94.3663887305395,0,0,0
9,0,1340.36598940185,369.897656561633,0,0,0,1963.50774166515,108.695281092152,0,93.0924679324786,76.9097565280413,0,0,0
9,337.10939289908,1629.22214132857,792.693162977445,0,129.38565372633,0,2755.30282965985,79.8098170617749,97.101556363681,79.6028957302555,78.4295102091097,0,45.6750360442327,0
9,887.976402712173,4705.45115298596,1649.34961129669,374.297592790682,1140.89222657661,308.985610440094,8000.17764739647,90.1800577111513,142.527461658863,91.0010637967347,89.593601066774,66.8556462952268,79.5654222798448,56.821269024168
9,0,707.045266587706,425.099846823771,0,0,0,1387.70046836278,83.8231012910608,0,73.7495398020772,65.1541739824684,0,0,0
9,0,1126.62144199728,621.561838230504,0,161.092879124986,96.8115824947853,2154.3192532169,77.6099634906131,0,81.1988624423035,66.1139709728196,0,63.6619381482134,47.9575844286441
9,428.197028752705,8542.60071074646,3257.77722887216,451.36896118192,1465.24837753803,309.602726074362,14984.6503421998,84.1495668050348,88.0314775151421,81.8147341130297,77.4804765948969,94.072389161505,80.2006679794092,54.5803832402432
9,0,1371.93547102747,429.257774715409,0,170.979282239347,89.8415104826162,2504.10052149299,88.5143742171292,0,80.8910934169705,73.9504137939964,0,62.4725140520232,64.2476054809929
9,618.347150614494,4235.44889935337,1704.92142505643,308.443748159737,906.382232767354,212.459655829468,7741.61226000885,79.0643081165299,113.451674127994,79.2101039752736,71.0975104850255,69.6174736127544,76.1498478747817,51.8035995227103
9,0,1668.51224236867,633.881190167603,0,185.871347295142,53.6434714758507,3357.49939414633,100.937713027724,0,91.8755098489005,74.3772225353755,0,66.8535526686771,54.1104784762733
9,0,2725.7735724906,933.16787361093,0,373.896776834032,88.4525564859634,4059.96560943463,71.771539862601,0,74.5772044174653,66.0882362438697,0,82.5908430985872,47.6182354978747
9,631.462525078402,3123.56197897717,751.250543653026,0,648.623217267415,189.011922349669,6381.72085203188,102.424799001195,108.725277318085,98.8311125158606,70.98514760826,0,102.248212773618,71.1952675446275
9,0,1152.3015468046,382.809570016542,0,150.131192255796,50.8220047110905,2710.41492162036,100.673217728685,0,82.9558851587509,71.3643254060928,0,78.7820665357007,46.6175147024876
9,0,1356.20937611439,442.414246491007,0,213.859525817897,0,2209.45988633953,70.0432536957904,0,76.1990769840918,62.3932890436453,0,54.1583098103862,0
9,0,794.749164830929,291.170135500071,130.527491886148,166.336204151196,0,1932.94199094795,104.954344935412,0,86.576703704573,70.8955614580231,47.4019445170658,32.7640847691124,0
9,246.832949407013,3431.96049771958,1224.84848265552,406.73359830419,589.785827718837,137.133388965319,6298.98518611304,79.9408724249127,73.7146105732477,75.0919328822542,66.8356594753679,96.8668454611705,74.5604340592408,64.157229217946
9,0,549.352100370684,256.408118591433,0,0,0,934.215351916033,69.8082523096006,0,72.1306884529035,66.4827888460312,0,0,0
9,0,1787.91018035591,363.839749973034,0,349.93059023558,108.097299926353,2716.34701916125,85.3589797541629,0,83.1276915688797,68.8938671011839,0,64.4558839582744,27.1011957466259
9,0,703.376640675073,296.315481046709,0,0,0,1449.02626156731,86.8470269232137,0,76.7439313488407,83.619960514875,0,0,0
9,0,1179.31007620598,418.241447680511,0,0,0,1673.22007821057,77.3232239029719,0,79.2645697566523,78.307528297287,0,0,0
9,454.548508777258,5837.21875988335,2018.51110639604,0,1033.65960584058,308.423271514266,9657.90339216746,90.5615683297188,120.628576824781,92.6807983251465,86.1041445484951,0,74.720915649567,64.1694683193013
9,0,1161.20662503296,221.066525541921,0,0,0,1765.11423858597,97.1650252622496,0,95.8413333892544,84.3738807907017,0,0,0
9,0,1107.99481382958,397.737274678584,0,305.462832007566,0,2235.95063939625,82.7602019436355,0,82.1922623518349,65.0154447305292,0,55.4008672739502,0
9,0,1050.99012061066,391.75104155292,0,273.784927173087,0,2295.32077544678,89.0521101631118,0,81.8948692843471,68.2459912335674,0,52.6486960004749,0
9,0,776.418729554807,695.388579639017,0,297.047373480167,0,2330.61596208862,85.7926959549725,0,79.5165921724953,71.6256689980077,0,78.8710598515339,0
9,0,1373.0848156707,229.016473222756,0,0,0,1371.8726919647,72.8431207359189,0,82.7557470692886,73.1873734621481,0,0,0
9,0,1081.54605860796,341.826926640857,0,263.899845883316,0,2015.31472339099,86.4688596176334,0,82.5554635103253,69.350720069283,0,61.1936848191004,0
9,0,847.783074902601,0,0,0,0,1771.03806744865,95.7385824761116,0,82.5811958248781,0,0,0,0
9,0,1947.78703595016,477.623285240095,0,0,0,3108.28330536982,108.188148588929,0,94.8577147478263,87.1817629465987,0,0,0
9,0,2986.24052453459,1187.40519427017,113.91852140449,554.396869229463,106.539397099192,5333.81300986973,83.7280916448851,0,81.4794978691946,77.940448901943,54.5572271650033,69.0853446832678,47.9220721259398
9,0,865.698797000218,470.931612416241,0,0,0,1709.67066290391,86.1417923896483,0,86.205581895688,70.5319580755213,0,0,0
9,0,1477.10245515021,524.298365824735,0,368.948414596425,101.68879300015,2613.01536713239,75.0967515600301,0,80.1213738729207,70.2976195723439,0,60.339492493213,35.6586613187952
9,0,904.514425206984,320.531652580143,321.764792261131,220.314745676127,0,2025.72289590543,89.4543502005159,0,86.5295339496218,67.1786066262453,75.4011457925351,69.2636609260852,0
9,0,0,232.935553383333,0,0,83.3084964068248,1952.99980204412,112.185666686996,0,0,60.5702517143417,0,0,55.8490104799883
9,1082.11798196365,5236.43623193858,1842.12286573605,174.820634533282,879.829351865613,207.029788514609,9633.60729078754,85.068593513042,116.573138357489,82.8757203434192,76.5199998529653,49.2464931085946,70.5764718043107,43.8474322433281
9,0,1067.75716004646,312.540230678735,0,0,41.7614687168484,2020.64508375379,86.2925742662021,0,75.2511129483916,53.210343194525,0,0,28.0300251390013
9,459.379434317812,3248.7106125248,1484.95039806896,0,540.367906667662,146.383972585169,6126.53973844894,80.8186387259553,85.8469530449939,78.0384163533344,84.3147050646304,0,64.102227191102,47.8116545837547
9,0,2581.18824359851,1048.96078352654,211.2318425857,311.237933023213,145.801415462039,4355.65256139468,81.0879558139864,0,87.0426511320833,76.4817189581079,64.7779913922717,63.253722530793,33.6938025820879
9,0,1580.60936137453,341.382792741394,0,203.067502909015,0,2442.63859743637,93.3935306512356,0,82.8353878849772,64.11705960714,0,55.6284685002782,0
10,482.779167420284,5854.43850924771,2554.81517460942,3246.28255196945,3075.42695068686,766.832875523585,16283.8056402724,87.5327935283468,95.3153081185467,83.6616510213338,94.5039090425663,88.9394876176105,80.0917397706361,76.2907810823824
10,0,0,0,621.008060007011,299.526397734322,0,1760.96619434214,78.8810510405225,0,0,0,66.4666483717897,58.7982479069181,0
10,0,0,0,324.330660156221,0,0,2324.36693542412,100.711837830451,0,0,0,56.3150255449213,0,0
10,369.361798401937,1086.45460583634,341.903788398308,0,437.801597068564,116.095005973162,2713.0037963693,84.956652443993,83.5030718387061,86.2883793880666,70.3542752855506,0,66.00539674572,41.2259100637347
10,520.237604219649,2036.33114352832,570.170066935761,923.840799777917,388.662721494965,116.618498672287,5162.49856016517,91.8511301020105,83.3794804780276,78.2421674684087,67.9164280788578,88.2214308875982,70.8868042574728,50.0980302959334
10,0,2236.2682667219,916.51985965551,464.167975509808,912.38183356759,165.123590256086,4816.40664573764,86.2883181292328,0,89.8721952385372,80.7516502472687,55.8420111628616,101.959455328667,53.172696581779
10,705.581591469816,3228.61675524787,1534.33265208495,1467.9459251111,1224.81566993549,392.470276846385,8708.17750848818,80.9937677766018,112.930372407738,77.3847411805404,78.6602435698306,75.8793309779354,73.7762183412163,57.8746182518379
10,0,3312.5637850994,969.754231735635,0,684.857997100747,127.405771253276,6116.11797354392,87.68828723064,0,83.4864935379363,73.7251126328387,0,72.920597860513,53.9643074182213
10,0,2186.72699098052,746.739899313072,770.225544497436,734.999580097182,134.51416908663,5203.9378386758,89.4713025061495,0,93.9329050605513,79.6240362436052,63.5256197673578,64.4703785348486,53.0675792410582
10,0,3621.77187469304,930.88861165942,1129.04360088177,1552.01199393819,407.50175975699,7560.23438643458,83.3916499674979,0,84.9234003096855,77.3826250939069,87.6651644669657,74.0275544883673,61.7998557015633
10,0,3106.99992881702,1268.81018882599,1498.0778967162,1016.73341395185,0,6933.87012210959,89.934785319778,0,94.2689935088263,86.8053578460992,90.7003792743338,82.837999493272,0
10,520.29827366636,1483.34927282061,869.326516103646,791.808609100391,602.19872587309,191.290636199178,5415.72964797729,92.0555530475557,87.767763406074,76.5277069124348,84.5812067907544,72.2404116179983,71.7585386300361,53.6255831948677
10,1005.41502409481,2513.61163867659,927.970900681728,541.937679486149,467.81698425745,286.146151204287,5740.79749993918,82.2396241402302,105.048280936592,83.1985137322167,61.6011486867361,81.1955599852491,60.5003515754672,49.209519566928
10,1385.41352165093,9107.63139026009,3757.77251616389,4196.4764425692,0,0,18787.9846801881,88.7932470939825,93.042474486338,82.5277505942989,83.3906551513794,75.7524156378658,0,0
10,336.156160961425,1331.14998034248,504.355651443833,0,0,0,2849.16541955826,87.2764568005573,79.7785000462226,85.9601781585988,65.4092090500239,0,0,0
10,495.654204410436,2233.95555029084,634.213266598424,0,587.712877359162,192.6278475869,4977.85774719395,94.2146849308398,125.041191407538,98.4960677753941,79.7279079259009,0,65.8079598459922,54.436184621493
10,262.248199690619,0,0,0,0,0,1642.93779355718,78.9048501004348,77.9116193314851,0,0,0,0,0
10,720.358725545189,3558.53041600741,1053.80679903981,1089.17385810349,1018.51961246184,425.585694837257,7397.90192162269,82.8460184213984,140.162535668576,85.2606610479293,77.1529266690202,71.0287546861716,63.9921018400488,72.3721261573912
10,964.491865389943,5091.43038188427,1928.06688106439,2121.48231847246,1498.73967851777,393.844026761926,11276.4068847048,87.4923665931261,109.42492737906,92.7763082955425,90.3949052887907,76.0133541426099,76.9575041015592,82.1121795063107
10,377.100332822343,3231.66471057689,1651.56344359609,1193.96439773907,1612.21926798606,337.720348530873,7840.7810503787,74.4249460881437,67.945072381734,74.5448396518856,89.8656173946802,74.1936680978429,68.3437187057158,60.9075484453928
10,0,1223.56740684527,275.248033154662,603.332489856889,0,94.9514482712496,3970.1998157549,118.20153050909,0,91.3523846896788,63.5606125344476,133.185739013199,0,43.1103858311787
10,396.257058536418,5326.1908344716,2083.38738707474,2310.00405496277,1479.549100519,265.906221189479,11836.7964009145,83.6857446265347,74.8239168737888,86.8192515246233,81.6235110635815,79.0269981402521,83.3699498897871,56.0052223675751
10,0,2810.17018714852,1201.97289392104,1304.29249589977,1473.89528063567,370.88467311646,8212.00137112481,95.1831005799813,0,88.5752792846024,91.7907590694406,95.2490297887521,73.2997443507963,59.177393694371
10,0,1336.0266897652,551.955732028067,471.03057297337,612.071542626553,254.533241188205,3803.24223110852,80.5210683102372,0,76.5895129479522,67.4458264237421,87.2518670273915,57.4820778476482,52.1274081367428
10,0,1480.76118778507,598.435575738849,512.49842450014,618.964891393726,176.143606964707,3633.58194178305,76.5015483091457,0,69.6323507451325,67.1679291997683,62.751319676613,62.6942435561999,62.9008031489871
10,0,1679.12378319572,558.897427146854,1127.34878452185,440.594498308157,0,4497.92756331319,109.501088809288,0,94.2435048887764,96.7994807653944,134.339433213523,79.5618400832977,0
10,447.686043982192,2780.80101445291,805.453261442596,1292.13452582267,956.849319850815,311.534520608905,6081.65595254772,83.7300694488197,97.4422693610228,83.5416705222153,70.8160321135261,87.0395535614545,93.2017843660682,61.9512594994129
10,215.478148176411,1034.35722138793,460.694065222499,0,0,194.004035163807,3596.59489118392,112.477558076256,61.7396595306127,94.111658281873,95.6739824303523,0,0,55.0950647709374
10,593.438087726833,5261.1685723486,1838.42883492514,2751.26688884299,2154.35054351749,479.284108516918,13282.3533502671,80.597450009259,86.4957715177019,83.0812454824185,81.4187490564779,66.8260459122022,76.4848579660604,71.2261769747602
10,0,1866.77728678781,473.828039236465,858.127676651493,453.798267827007,97.4393605961792,3268.85237743098,74.0874308596904,0,89.6355656638461,80.5094468566016,81.6232906527942,46.1984785578605,42.3622255725645
10,0,863.533485462325,0,438.619511666761,0,0,2900.52099879651,108.186109045537,0,87.188106153984,0,72.9838063026851,0,0
10,709.111706469791,4106.21861434679,1539.79444835066,2125.99878109687,1798.48360951043,588.063766203166,10825.5218338987,90.9167275749947,90.252347406842,82.1326830118106,79.5908928575279,88.0055754144016,81.1133912289287,73.55356243412
10,0,1455.72277139489,696.957530316716,369.34824013471,414.93571683533,143.035906468268,4136.17858743185,103.650378069762,0,80.1455866052069,81.3097369836139,63.060035482256,94.8314231853598,53.3500708653959
10,0,1678.70050550248,456.114357871832,831.456601965385,605.315896415008,0,4334.75419111571,103.176030173011,0,111.999039697298,73.296925727775,91.1725933526997,77.1126416801247,0
10,530.662624684749,2244.30575097243,1077.56135366686,698.835600331534,717.89606439045,306.284186250139,5775.24011805078,90.4282455450833,69.8083918350716,83.7069667196398,95.8199344489557,72.2390488874795,95.195816202512,63.9117096644257
10,819.579613034335,3309.4720303998,1246.74952397366,1290.08741407096,615.907626267479,278.20082765058,8180.78017404932,98.9629925402512,85.1113577915749,110.226817314639,80.9877073097683,81.2756639689365,82.0893207350227,81.5719575281147
10,1333.65800699057,9063.73296677208,3687.85615380613,3673.04268170671,4218.6570502217,1440.92244924367,23437.7057973132,84.2534637870363,94.3221702778873,87.4260378952837,87.7491039217149,75.1383676409225,70.3939590653676,78.0430741602116
10,0,2051.21049564842,805.7855176084,1002.8438650636,1379.8310329729,227.013534770707,5564.25625203535,81.6063897435568,0,87.5264427590288,87.5445428755081,63.7008725760748,76.4126200775464,52.7691356554231
10,0,2053.76195054713,446.141249556696,891.140447747909,692.186100033427,249.863512096779,4829.84125923372,76.9758001887275,0,80.9192111114151,62.6820172068445,67.6061847510271,55.5266022379037,52.4610291089924
10,440.470516150834,1408.25429297207,587.525110065677,547.589679013969,330.380958770808,79.455130740539,4092.93361516278,95.5637706567663,81.7422016129234,88.0000637943768,70.9914058608986,70.5641189599844,56.0444607816066,50.4821584813688
10,498.285630287995,2119.96698840217,686.482852173142,843.431501421419,497.240428497855,70.9614828698861,4965.45080282089,85.3456271901019,85.9239509054361,93.9536286197451,72.3504892007056,67.7434033859986,71.4260873137806,60.0530249611064
10,604.601517708261,1249.20842371707,236.515347882166,721.088704586589,649.858047669156,86.9244441181907,4089.36253221574,101.007965397409,131.15851939285,90.8027000136921,63.5194616142504,89.6794580710221,80.0501382587861,29.8576273095612
10,690.797185055161,11392.855683819,3204.88526530321,3098.7863906271,4091.74862526917,940.014446729142,23448.1240355737,83.3551026783003,103.257174505823,82.8904197901836,75.3878965408105,78.6694339603357,76.9298277951027,77.1768763585936
10,778.590418701487,4873.13099795557,1866.33766620558,1684.22852990019,2140.76667265011,335.789365692026,11953.6436769831,76.5098668819328,75.3999629359984,78.2583898893394,80.1343375010637,63.741072854464,68.1540832853912,47.9473367452261
10,521.307448275101,5436.0964330959,1648.32366858424,1895.41875976357,2094.31520448115,286.875768692967,11892.7501497232,91.5098558351872,137.252430890013,94.8111737634198,85.2987685492425,81.2208608295684,86.8823010244387,78.1257567732846
10,0,2965.01987434191,747.095561485435,1071.09725390742,1290.99812840712,175.068815608699,6884.93164700952,102.733757823257,0,103.772013272853,87.2153203932831,97.9755501876323,85.7410444478372,70.1583548304815
10,0,3561.48896602809,984.835231200402,674.409740936737,822.688651309318,331.821561532693,6790.17579384256,88.1770676714243,0,95.199672722133,77.20852558268,75.0873103756098,66.4656208106924,66.2822723939268
10,831.614122106669,3546.26195844652,1185.48077600015,1128.86507150805,1716.93506716541,460.732512422622,8939.59708503839,83.5337742295205,127.851496071514,83.2248197465932,72.1324429200862,72.3603878285169,65.0816164686614,60.7872622697291
10,0,1875.53718199622,297.177737690764,0,448.891992522701,94.7836329185526,3759.76430444599,96.6406012533016,0,84.9723919011611,59.0299300698904,0,91.7255653048005,68.7298958989625
10,0,1070.18579044469,559.736078888417,0,0,0,2279.67230894559,93.7514468046711,0,78.0698819477445,80.2832836852859,0,0,0
